{"file_hashes":[{"block_hashes":["rPJZ6XwD9KbEJm8fXkUpJL8ISb8b4W3dlxcv0WC4RVg="],"block_size":4096,"path":"html/options.html"},{"block_hashes":["MydOYmtjH7+9Ld1gkBz2tQvVRKew7TA6mxTISKp+KWA="],"block_size":4096,"path":"html/popup.html"},{"block_hashes":["z0+OOL7ppgsX/qeyk9n3CZp9Lidf1TlGo4e+eDWi0YQ=","YpKw4xECDT/WoYNWW7k4xp4GvnDJcZ+35fk7vpGv2Gs="],"block_size":4096,"path":"img/icons/icon.png"},{"block_hashes":["IPkbVGH3Z3+MEa4tXaMa1jbnKMzWB3g3kJrfN735lTI=","6IQwbSi9hRyEafOe+ExrfelhW03NB58ReKu/pcyY+4I=","ew4TtANa+MlW9A88KGkXidtfI12N10tieyUy71q015M=","2N12vvA8v37oG7p6BpN0Ksam5XRBfm0BG6ioqbjNWKE=","PUK5FIEFIZTn0Ncd8L5QjWHRCzGZmaiGLuaEKUAeoeU=","cPXRq3YHIKr3BQxbiAUePXqOoT/VTR8Gd3JMYj7zfmo=","oTPxPAgAxivIlU35s3ccVAVKOWFTjoOU/QQ/hfEUA4U=","sQPsK+L3ch3DFgBH+7/XgYtYGEED13/czEfDJMhAWxI=","to37hEP8i92Fe24eGamHKKLQC8bkwCASwa6hdHiZYH0=","qyAK7c6EnwuMTObpeo7FHy8W2gT9jMaH/ZFC4CNmYbY=","i6xz4WwsvVFclqGIRZs3dR+cfE62y5iPcSwQuA56VMA=","X+wpv5uKSTpbTN6joojSlHwKEodYgYk+zvU9CqiGETM=","4gjZSImsut+HPzovSQdMI/eQdd/p1icMa7ye58z9HCI=","uusima901ePkjggaTpl82uYfIt6SxzCRA4ZfXpdoM90=","NMSKbITJmDXmjAFZ0mR0ZKMcvpcxfnP3NVdfdKCIieg=","Unb4jAgub0uIAnYOn0sOf2HGoT/zpl76kReSnlquljM=","pFWIISHbupynwQoopoFQ/ViGECU6w1Jd7UuzKjVzJUs=","YwHbtERs+WIzjH06rRBdFhT6lf9yN4djcR3Fxq85X6Q=","y3+Y3tT/70FH3i7px6uRWBVTcfUrzDQTUG3xg45JViU=","6ekTeCyz1HPimueXSexOvvoLRapLd5qf7aBNe9qqWbY=","estUyX4Dj9mehV74Vx6Y9Moo4tOznnm7SmVLiuHsc34=","vnfce42spFbu2Pbfq4t7qcWACiFS64Gzju+bcRmU1Tw=","4pjZflTKPn1Tyxssa0Q3gQSHXktwl0OD0VdsP4iHhyo=","Yc/rgy4uGhW4ZGD65q4c+h2wl0U/B2ACyaC4g4sPVhk=","nlTz4iKQIKbkE2AA1Wsy9i/mE/GCp35Q6S5RPXpBVE0=","3BzZG1oSg/rxO+j1u0NhE59FCfK5BWJPOl5Y2h94qQc=","NXv9iMtJR/brzlZEZt2CQ6RMijmHlBvZwmU+0vVeTKI=","U1C+mCSUO80fjkvEdHuOxQheSOrTwlPaZbTjyOsFPaQ=","inCNwKF6Sr4Qi++w3CGBiIf0gQuTLqLGY/ctX8tz8eQ=","RizcmsddIL45rMSzo/mSYlAqxdY2WaD9K5atKT+A4go=","rtzKDq1lwJ26Qm5UuIVndCliPSJc+gp5fpCCxcnSaxE=","ymW4aNPhR1WOM6WzYuGWxxHm1woHVbw5sxXtIFZxCLc=","QpG2WCna9MLZXGsGXVBduwLqEuU+jyzI9XFQiOv+ob8=","ge36p0RymZ4IFrMRyzH0snKyEVGUgTzDWEOuKLoVsPs=","aAcbkmsTJD96zJd+3rtc0mUsGBhifmfzbxGtMye0v4Y=","jPU/n1TXQT4HdobAbRKIYb8M9bwOWjNLm8GwIj8CkIs=","CmSXjXNFNQ5M3XzB9I+9UshqsQ4rjE0YGEKkCbJxOEU=","rhMB0UiIWqwWlPjG9nImOy11+UzAu2SvE2LL5snMw6s=","Eh35laQOkdM+gbwVPvaBhblKAK2gbxiWIuCNmz80a8Q=","msc2Khq/XmRrqjRubG3hLbT4PESILkrW/hv8pY53o90=","Zit52sR21pJG9K6njMaFndA9YsUm80G2L2vjhMY9b2s=","lELS6ciBLWAw+Uu8Ny5RNXyG7CD32a8CWE7WWfikMQU=","NOtV9wc3AZqvsyheIv1moAIGkQbIdoNDWRootKHCDKQ=","AeWadZltyQdU1ksQrjahPInG1GO34uz3tL62RW+ACVI=","RP8E4w0gwu+QNmPIw61jrINQJs30KBTZ1DMR6xDIWZQ=","BQgFEoGecXJYlkVl6j4izaF1ulacXEtbGy4be2Ea4sA=","SPUs4YD/IRR36FKOmS5hMFTWsL5mZOEkcuxYdr1wG+U=","+JccxwU5uxOJ5ZfaJJ/WdGjMA85/UtnegUUBqbJgAFQ=","8fbjSJqASiTfqtH/qzjFbubWZb39ADxc3lSgKtJl0mM=","/mNtFrCMnCb0Fer71zpL671J//LAoPUf7yMBGmrK5ww=","OftJLGCUbBbM/DVo/rJCSHeGYE7W8bUxcysV8DUoRsA=","r6MTVrY430dfT6wT9MhVF4V+XzCW8k7XhrAaMv6/4kQ=","P4Z1FTkJ7YG/ofgBLRLy/Cu03rbbSUyZ7f7j9h266vc=","mmBn2veOF42QELXqQpiOZxY8TGl2XRnW/IOCAPTWmcg=","GADjZaHGIg8RX2mZOrqq4IGfWMcqsdg+lP+7jQb8C1M=","OY01+K2HQ+K36qHcDI8QSXdljdYwavxf1iFVKTCLwJs=","rwjFpdpV4ooWHIe8TDqosPzk5FTzFOk6NUr/zQ1rp9o=","IDOGi5jX8O7ewv8JhqfKykQhzXW4cLfoM45ENgElY8g=","PF9Cpe8QqEdGIf5dMLqeuSkjZYuboXoPi3npL3T8TRk=","d9yE6FGC8/jR83Z8FufxKdI6zu3eS2TfxnZ2a4SVvIw=","TpD2FlKK2+xfffX7kXb4ASfgsVKU8QW3uxys7MBK6GQ=","F7ZJBcFKxZ//ghXwSHPCHBk5LucksmdYbzLVD0oilbk=","6PpfbOpTih/Q8ndxF5F3qCgPxtTZPCd8B7LURcSHb7I=","+k0TvBwH8RJaQjOpR/Cw50B8JC9kk7S28m5YoN7CKgU=","HjYnM55qznD9MVCTHhLnGLt/QJSHaBV/H/k78fgaenc=","euepHnBuXXQBt+djFrAy08k+GufwlvcSYCZDag7oWCo=","7RMkxtISY36Pe7ZENf9Y8K8SSfGC35j6s/K/bX91SIo=","eA7uSR7ht3AAhU8ixnjT1DpTzc7POBetViV7cdADFxo=","zkffjqgzySoQNkJYrWTKyBZNssIpjpsSzCnAThChPl4=","1je7rpwD0QRA9H9pk3J0DEhYF9XHDrhlbQsf0lvQRQA=","yXF9JAiInanney4cveo4IFVO6MuQIqzXLo4ekIpavfg=","UHA5VYx+wihcUOWX7locTwlRZJkGOm7kfDU0uI9zFJg=","U772zzjsScMGmNHEUhcNHNEoOVxlj55ynADg8DxuDgo=","ydOzL6k3BdSnuVZGsd4u9JhyMoF70pirf1/DLzQXdOg=","xITB9kFgmEzO+JpuT2/2o/FqopEIvflHQqnAy79vKBY=","cP2bPbk8QHLy9NYGPTn8fFCohYIzkKHaROc30ziZykg=","lIOEjynDpFiOyo7S6W7RR6RhSH1DtAzjf4vT+tag1cw=","0IHClixUZNm1EkOs9we+s7CjUYRyAjipBcoXjHV1x8I=","mqi2pkTAJtX91wIV5X5MHCzbCB1xgEIiL2P40tL423g=","i1FRcAW+3pnEwVtqjeGv7kQJUltTwOYX90LZYS5j8rU=","FwqJrJNCJkVbF4W+TvnpGGyUX22MqV4twAPKy9dY26Y=","daYd6NduASbOZGurDTlfDXdDcyMRHoT1ObtIJBpnk40=","3nj7nBZ3xOO4F1cAT4g7rhoDDVKAq1emi1ZfQQgYQ2w=","xP5EfooN1CbgZuE6kZo0Lj1IGtyAOD9a7Z4fft3vPEc=","ugi2z+WyBmtBqVMpuvvWbWpZzUw8dbMDBgrq3NctJNU=","6xeYyYTLuKSVzFvlOUHLKXLTZT/IIj3OyXJkFxVvIis=","W45dX9Zaglid3Fggk5dW7mGpgn6h+SoRdeqGoFbqHtg=","SvrkZXJakP6g+uPrXxc+mbrZdOgECl0g6ARjeI4YFDk=","gOeg/C0eRgf5AsoPIzX4fzZcPHd7zVVvE7Sce7Oj8Ns=","OAD8DUL95wuUC79kBR8ioR9KXQVAW58RjnuRwNRyOpw=","KXbsncV/aRcZq37EtJ9kjTZjp3+upt1vGubC7K9Cnvg=","Der9Img6SQ9n/TEpcufjz5i/Kvcmi4niZIELSuzMeZ0=","GWXswPPtKaghVzNmGrLffv4FHITOn2gqOsmik0D62cI=","0xofDKDcOwtObJSZHlTHksquZ5R2R87VdnWrCsqGdMI=","W+G+JFrGDiy9bc1x56gOtDOiYov8uWXxTo8ft7mf//E=","VfY2jIsBGXcPNWO/o5F3VYYUqPGn4q/OUKBHRtpBqhw=","DlylHf7c8SGa4Qg8ddy3ozLVRY+bajgvch8+ysI6tTs=","nVodLiRmFJqTXPnZq5KWDclTypz9TQzS1QbguptLcEc=","xh5/FQFCmu2fnNqsEUVQRRWAPt4gkzqPP1MaJElZ0to=","Aw1tgpWUTDYAT0N0bVifBqDr9W1qPTgHZh0BntLIsfU=","RFaMxLvAgzIypET1jcIkS0lAjCkSm6aVUZ4pvze3uLs=","lDLscOwOFKLFtmHV8ca2w6CAc8tQaN6GvN4zSLXqHQo=","IEEobp11fUy6aA72QqfCssx130ZUpGXNKxGqBKs51xQ=","HiQRHMjiyyo4LYDDnccHnUaBeTYYMz+tkg72v8s7lNs=","lYUf/XNHfoBIvKn77r0A2g54Zrm5XTuXhm/pa6tY560=","M87Y1yr+vGfgQ/fhh3tNNiLd7RtWPaK8rgAKLdeC/FI=","omD+DX9cuAWIriPUIwJHT2PMXksfl0EzydoEUUJfxS0=","Sb9josgCESbB+fC96GEINaPiRENm3KbcH6xvA95gw64=","U+BPoqkMFSOKVpJ8tqdRDQrxZHcxNRLeXoi6ZxcHYY4=","sLLmKk9cEX/NA/trH3AUcaUU/LCcl7WfuXFjIkDUEyg=","vfEZsL09TUc6iqyoyxS7UnUm3/jUAYH5y7rhmmmky1o=","KO5fXiO6FAzg2cT1o54ANi/rNEyhhXu1w91W6Wzn4bs=","WKTWWabKtZczIuqn2QYBJr21/CoDBNjVRlxn1fhZ7yU=","RlsgBoSbJKopgcnmb1tc6YqqCwOuMvrtY/4TfLzme7Q=","HAq2D2IMs31ZB9rpE6QMGsaIkML2KIn55gkJwS+EHSM="],"block_size":4096,"path":"img/icons/icon300.paint"},{"block_hashes":["1+xFzmro1L8M2mSSkiFA2IX3Yq+DWIBo+LGUIb0hBPo=","PA9W1dKTrOviBaI5cJ88i+p3pRluKMmsymYnzBo1N6Y=","vJtY0NmY9pyA8ch4wF4LU5jVKo/7J2E8hSGhaCIxymw=","qzK+mVP8KB8lTzRhPdZojUjvLb1jqalz+YrKNbj5p5w=","JhVBgE+zF0x2o6LGGGu4cPcSG0O/FmCB+GR6D0pQ+Q8=","XP7PhS0Px40/FEclJjW2u/om6ah+VmGW4urRB8M81aU=","nkg7PJkCGijzyPZXV81HOb+pNluuJiCod8NfZm8reSQ=","UE6I10uYdu+T1PkOrtb3C9ksxiLP2srC7mVyJvxRWEs=","Vz5afLtHN6L364k5rPCcFqetIg6z2SpTtgy8HvgnkOQ=","gMSoL25QcHgF+AHrCxbvmj1Bf0FX88Wjh1ZY2iRLV7g=","hx6PlWxrrA5VWmATfDmUFXXJUVi8FJudm6edrLQ3aoM=","Qxg/yxphBiRTiyOHh4ULcflgqozm9/SfLEfr6IDCeYI="],"block_size":4096,"path":"img/icons/icon512.png"},{"block_hashes":["UkXgcE2ku3IgkEYNHailHOrUDAxwOVaOWMnVLAC/d7g=","z/SY2wLcid3CqHKgGX4/2qohYN9r5DP1yNIUHXy/Hyk=","+t2Zf4gE7tSUtKEmirePB19i1mAOu6MTYZY6nRxQN9U=","uDdJ3RclyQJNVI04i7JgtzgUSht9MnfZr5Rzne1WEds=","4eqsohiOYDdxHjWv3kQaOEcIPU6BWDMVFYOblTVTFhQ="],"block_size":4096,"path":"img/icons/iconoff300.png"},{"block_hashes":["Gc5VJtbdptKjnS7OUmX0IBWMWNvCvxDNvk35j29Kmwk="],"block_size":4096,"path":"img/icons/iconoff48.png"},{"block_hashes":["4pkL03PgFF+IUSl1TrqqqTDYjA7w5KdjmBmXPG2Xf2Y=","Ed6w+gwZmnFraM5g9mYpkMFQA4T1TvRzuOe3fFZ+8HA=","IAQL2XqixwqBHwICo5fFnWpKHBGt6f8IUMZbSOqszOs=","xAvWStL+481SByozyTB4tShjSw3MGm+1omxXxwNnECc=","c9H5UPqTs7rQrRF7q5uAuUdAFKG0UD/45+2VssnyZ5k=","g4RGXfnpZ8/mzj+NitlMZ+cqGR2lt2aNmIofC9RnHGo=","NKlY6zgcRCwwwc/lM62y0mpuBl5NkI/VOmIb0FnS0dQ="],"block_size":4096,"path":"img/icons/iconoff512.png"},{"block_hashes":["VCSOJnuCvS7cMH+H7HclD7SXHDmJINNRYtw6WHVRTJs=","XQaOwgDbn6cIQaXQ1BDQ+Kkr4JUtZkEfzV0EH6BpbnY="],"block_size":4096,"path":"js/content-script.js"},{"block_hashes":["dojHe3VQN62+RmVB/6+U0ES4abopUtdXZ4bRGi0oKLg=","nB/5VCiTDE5EYLyTVAGEcsgWcfm6QeVjH2ztZxzfbN0=","ntBZ8EfvAOAYp0hTJIf7oK2y+sfF3ezSruJ433uE+M8="],"block_size":4096,"path":"js/options.js"},{"block_hashes":["b++qgEY4jCRTXuF8ImUMFl+hOmF6cvI8oxbLmKMAzwE="],"block_size":4096,"path":"js/popup.js"}],"version":2}